,Player,Pos,School,College,Ht,Wt,40yd,Vertical,Bench,Broad Jump,3Cone,Shuttle,Drafted (tm/rnd/yr),5AV
0,Kevin Akins,OLB,Boston Col.,College Stats,6-2,218,4.73,31.5,15,117,6.78,4.15,,
1,Roger Allen,OG,Missouri Western State,,6-3,326,5.25,,,,,,,0.0
2,Asher Allen,CB,Georgia,College Stats,5-9,194,4.48,35.0,22,115,6.93,4.30,Minnesota Vikings / 3rd / 86th pick / 2009,18.0
3,Stanley Arnoux,ILB,Wake Forest,College Stats,6-0,232,4.56,31.5,19,121,7.22,4.39,New Orleans Saints / 4th / 118th pick / 2009,2.0
4,Robert Ayers,DE,Tennessee,College Stats,6-3,272,4.77,29.5,18,102,7.56,4.51,Denver Broncos / 1st / 18th pick / 2009,16.0
5,Chris Baker,DT,Kansas State,,6-2,326,4.94,35.5,24,106,8.06,4.90,,
6,Ramses Barden,WR,Cal Poly,,6-6,229,4.51,33.5,17,118,,4.26,New York Giants / 3rd / 85th pick / 2009,8.0
7,Kevin Barnes,CB,Maryland,College Stats,6-0,187,4.45,38.5,,128,6.72,3.96,Washington Redskins / 3rd / 80th pick / 2009,6.0
8,Connor Barwin,OLB,Cincinnati,College Stats,6-4,256,4.47,40.5,21,128,6.87,4.18,Houston Texans / 2nd / 46th pick / 2009,26.0
9,Will Beatty,OT,Connecticut,College Stats,6-6,307,5.06,33.5,27,107,7.62,4.77,New York Giants / 2nd / 60th pick / 2009,26.0
10,Travis Beckum,TE,Wisconsin,College Stats,6-3,243,4.61,,28,,,,New York Giants / 3rd / 100th pick / 2009,4.0
11,Darry Beckwith,ILB,LSU,College Stats,6-0,242,4.63,26.5,23,110,7.39,4.50,,0.0
12,Kahlil Bell,RB,UCLA,College Stats,5-11,212,4.74,34.5,15,114,6.87,4.20,,6.0
13,Joel Bell,OT,Furman,,6-7,315,5.11,30.0,27,109,7.55,4.57,,
14,Michael Bennett,DE,Texas A&M,College Stats,6-3,274,4.86,31.0,24,110,,,,20.0
15,Demonte' Bolden,DT,Tennessee,,6-3,285,4.95,31.5,,109,7.50,4.78,,
16,Jason Boltus,QB,Hartwick,,6-3,225,4.82,31.5,26,111,7.00,4.47,,
17,Rhett Bomar,QB,SMU,,6-2,225,4.70,,25,106,6.91,4.06,New York Giants / 5th / 151st pick / 2009,
18,Alex Boone,OT,Ohio State,,6-7,328,5.16,27.5,33,103,7.83,4.69,,21.0
19,Ron Brace,DT,Boston Col.,College Stats,6-3,330,5.48,28.0,32,99,8.15,4.73,New England Patriots / 2nd / 40th pick / 2009,12.0
20,Tom Brandstater,QB,Fresno State,College Stats,6-5,220,4.87,28.5,,106,6.93,4.37,Denver Broncos / 6th / 174th pick / 2009,0.0
21,Marquez Branson,FB,Central Arkansas,,6-2,247,4.55,35.0,22,109,,,,
22,Justin Brantly,P,Texas A&M,College Stats,6-3,249,4.83,,,,,,,
23,Robert Brewster,OT,Ball State,,6-4,325,5.29,30.5,23,98,7.68,4.75,Dallas Cowboys / 3rd / 75th pick / 2009,0.0
24,Travis Bright,OG,BYU,College Stats,6-4,321,5.26,35.5,34,108,7.75,4.72,,
25,Jasper Brinkley,ILB,South Carolina,College Stats,6-2,252,4.67,35.5,26,114,7.03,4.32,Minnesota Vikings / 5th / 150th pick / 2009,18.0
26,Kenny Britt,WR,Rutgers,College Stats,6-3,218,4.47,37.0,23,124,,4.47,Tennessee Titans / 1st / 30th pick / 2009,22.0
27,Eben Britton,OT,Arizona,College Stats,6-6,309,5.14,28.5,24,100,7.87,4.91,Jacksonville Jaguars / 2nd / 39th pick / 2009,18.0
28,Jared Bronson,TE,Central Washington,,6-4,253,4.70,32.5,,116,7.15,4.33,,
29,Nathan Brown,QB,Central Arkansas,,6-1,219,4.86,30.5,,106,7.43,4.44,,
30,Everette Brown,DE,Florida State,College Stats,6-1,256,4.65,31.5,26,114,7.55,4.53,Carolina Panthers / 2nd / 43rd pick / 2009,5.0
31,Donald Brown,RB,Connecticut,College Stats,5-10,210,4.46,41.5,,125,6.93,4.10,Indianapolis Colts / 1st / 27th pick / 2009,23.0
32,Cody Brown,OLB,Connecticut,College Stats,6-2,244,4.76,36.5,26,120,7.10,4.40,Arizona Cardinals / 2nd / 63rd pick / 2009,
33,Andre Brown,RB,North Carolina State,College Stats,6-0,224,4.37,37.0,24,115,7.35,4.33,New York Giants / 4th / 129th pick / 2009,7.0
34,Rob Bruggeman,C,Iowa,,6-4,293,5.05,,30,,,,,0.0
35,David Bruton,S,Notre Dame,College Stats,6-2,219,4.40,41.5,19,132,6.60,4.28,Denver Broncos / 4th / 114th pick / 2009,6.0
36,David Buehler,K,USC,College Stats,6-2,227,4.57,,25,,,,Dallas Cowboys / 5th / 172nd pick / 2009,4.0
37,Joe Burnett,CB,Central Florida,College Stats,5-9,192,4.58,35.5,22,118,6.68,4.25,Pittsburgh Steelers / 5th / 168th pick / 2009,2.0
38,Victor Butler,OLB,Oregon State,College Stats,6-2,248,4.72,33.0,24,113,7.21,4.40,Dallas Cowboys / 4th / 110th pick / 2009,6.0
39,Deon Butler,WR,Penn State,College Stats,5-10,182,4.31,34.5,12,118,7.01,4.48,Seattle Seahawks / 3rd / 91st pick / 2009,8.0
40,Darius Butler,CB,Connecticut,College Stats,5-10,183,4.41,43.0,,134,6.92,4.18,New England Patriots / 2nd / 41st pick / 2009,16.0
41,Jairus Byrd,CB,Oregon,College Stats,5-10,207,4.68,,,,,,Buffalo Bills / 2nd / 42nd pick / 2009,36.0
42,Demetrius Byrd,WR,LSU,College Stats,6-0,199,4.35,31.5,,117,,,San Diego Chargers / 7th / 224th pick / 2009,
43,Gerald Cadogan,OT,Penn State,,6-5,309,4.99,25.0,26,95,8.05,4.80,,
44,Antoine Caldwell,C,Alabama,College Stats,6-3,309,5.24,28.0,23,111,7.96,5.04,Houston Texans / 3rd / 77th pick / 2009,22.0
45,Ian Campbell,DE,Kansas State,College Stats,6-4,265,4.99,,,109,6.93,4.28,,
46,Trevor Canfield,OG,Cincinnati,,6-4,307,5.28,,29,,,,Arizona Cardinals / 7th / 254th pick / 2009,
47,Hunter Cantwell,QB,Louisville,College Stats,6-4,235,5.22,26.0,,99,7.40,4.59,,
48,Don Carey,CB,Norfolk State,,5-11,192,4.49,,18,,,,Cleveland Browns / 6th / 177th pick / 2009,10.0
49,Rudy Carpenter,QB,Arizona State,College Stats,6-2,218,4.89,29.0,11,100,7.25,4.47,,0.0
50,Player,Pos,School,College,Ht,Wt,40yd,Vertical,Bench,Broad Jump,3Cone,Shuttle,Drafted (tm/rnd/yr),
51,James Casey,FB,Rice,College Stats,6-3,246,4.69,36.0,28,111,7.00,4.48,Houston Texans / 5th / 152nd pick / 2009,7.0
52,Jonathan Casillas,OLB,Wisconsin,College Stats,6-1,228,4.50,,24,,,,,11.0
53,Jeremy Childs,WR,Boise State,College Stats,6-0,200,4.47,33.5,,115,6.90,4.26,,
54,Patrick Chung,S,Oregon,College Stats,5-11,212,4.49,34.0,25,119,,,New England Patriots / 2nd / 34th pick / 2009,16.0
55,Chris Clemons,S,Clemson,College Stats,6-0,208,4.33,37.5,19,127,7.27,4.38,Miami Dolphins / 5th / 165th pick / 2009,20.0
56,Glen Coffee,RB,Alabama,College Stats,6-0,209,4.50,36.0,24,121,7.35,4.51,San Francisco 49ers / 3rd / 74th pick / 2009,4.0
57,Chase Coffman,TE,Missouri,College Stats,6-6,244,4.83,,,,,,Cincinnati Bengals / 3rd / 98th pick / 2009,0.0
58,Austin Collie,WR,BYU,College Stats,6-1,200,4.53,34.0,17,120,6.78,4.24,Indianapolis Colts / 4th / 127th pick / 2009,19.0
59,Britton Colquitt,P,Tennessee,College Stats,6-3,205,4.89,,,,,,,12.0
60,Jason Cook,FB,Mississippi,College Stats,5-11,244,4.71,,21,,,,,
61,Jared Cook,TE,South Carolina,College Stats,6-5,246,4.49,41.0,23,123,,,Tennessee Titans / 3rd / 89th pick / 2009,21.0
62,Emanuel Cook,S,South Carolina,,5-10,197,4.57,35.0,18,116,,,,0.0
63,Jon Cooper,C,Oklahoma,,6-2,291,5.09,29.5,31,105,7.46,4.60,,2.0
64,Quan Cosby,WR,Texas,College Stats,5-9,196,4.50,,,,7.28,4.47,,0.0
65,Michael Crabtree,WR,Texas Tech,College Stats,6-1,215,4.54,,,,,,San Francisco 49ers / 1st / 10th pick / 2009,34.0
66,Aaron Curry,OLB,Wake Forest,College Stats,6-2,254,4.52,37.0,25,124,7.15,4.51,Seattle Seahawks / 1st / 4th pick / 2009,23.0
67,Brian Cushing,OLB,USC,College Stats,6-3,243,4.64,35.0,30,120,6.84,4.22,Houston Texans / 1st / 15th pick / 2009,36.0
68,Chase Daniel,QB,Missouri,College Stats,6-0,218,4.79,33.0,,,7.28,4.31,,2.0
69,Will Davis,DE,Illinois,College Stats,6-2,261,4.84,33.0,27,115,7.38,4.45,Arizona Cardinals / 6th / 204th pick / 2009,6.0
70,Vontae Davis,CB,Illinois,College Stats,5-11,203,4.40,36.0,25,125,6.75,4.07,Miami Dolphins / 1st / 25th pick / 2009,25.0
71,Rulon Davis,DE,California,College Stats,6-5,281,5.00,30.0,20,111,,,,
72,Nate Davis,QB,Ball State,College Stats,6-1,226,4.95,26.5,,99,,,San Francisco 49ers / 5th / 171st pick / 2009,
73,James Davis,RB,Clemson,College Stats,5-11,218,4.45,32.0,17,109,7.15,4.37,Cleveland Browns / 6th / 195th pick / 2009,3.0
74,C.J. Davis,OG,Pittsburgh,College Stats,6-2,308,5.51,25.5,21,88,8.09,4.93,,3.0
75,Louis Delmas,S,West. Michigan,College Stats,5-11,202,4.52,37.0,12,126,6.67,4.17,Detroit Lions / 2nd / 33rd pick / 2009,26.0
76,Jarett Dillard,WR,Rice,College Stats,5-10,191,4.50,42.5,13,129,7.10,4.41,Jacksonville Jaguars / 5th / 144th pick / 2009,6.0
77,Davon Drew,TE,East Carolina,College Stats,6-4,256,4.78,29.5,17,113,7.28,4.56,Baltimore Ravens / 5th / 149th pick / 2009,
78,Dominique Edison,WR,Stephen F. Austin,,6-2,204,4.42,37.0,,120,,4.18,Tennessee Titans / 6th / 206th pick / 2009,0.0
79,Pannel Egboh,DE,Stanford,College Stats,6-6,276,4.86,31.5,26,116,7.24,4.40,,0.0
80,Dannell Ellerbe,ILB,Georgia,College Stats,6-1,236,4.63,35.0,,118,7.00,4.23,,20.0
81,Kevin Ellison,OLB,USC,College Stats,6-1,227,4.75,,32,,,,San Diego Chargers / 6th / 189th pick / 2009,8.0
82,Larry English,OLB,Northern Illinois,College Stats,6-2,255,4.74,36.0,24,107,7.26,4.38,San Diego Chargers / 1st / 16th pick / 2009,7.0
83,Maurice Evans,DE,Penn State,College Stats,6-1,274,4.78,29.0,17,107,7.32,4.57,,
84,Paul Fanaika,OG,Arizona State,,6-5,327,5.48,,15,,,,Philadelphia Eagles / 7th / 213th pick / 2009,36.0
85,Marlon Favorite,DT,LSU,College Stats,6-1,314,5.09,,26,,,,,
86,Ray Feinga,OG,BYU,,6-4,337,5.32,,30,,,,,0.0
87,Anthony Felder,ILB,California,College Stats,6-2,233,4.69,,28,116,,,,
88,Robby Felix,C,Texas-El Paso,,6-3,302,5.20,29.0,33,97,7.96,4.73,,
89,Tony Fiammetta,FB,Syracuse,College Stats,6-0,245,4.58,34.0,30,112,7.31,4.49,Carolina Panthers / 4th / 128th pick / 2009,1.0
90,Bradley Fletcher,CB,Iowa,College Stats,6-0,196,4.44,38.5,20,122,7.04,4.29,St. Louis Rams / 3rd / 66th pick / 2009,20.0
91,Alex Fletcher,C,Stanford,,6-2,297,5.39,28.0,30,96,7.78,4.65,,
92,Matt Fodge,P,Oklahoma State,College Stats,6-0,193,4.93,,,,,,,
93,Moise Fokou,OLB,Maryland,College Stats,6-1,233,4.65,31.0,12,121,7.09,4.28,Philadelphia Eagles / 7th / 230th pick / 2009,22.0
94,Zack Follett,OLB,California,College Stats,6-2,236,4.69,37.0,,117,7.31,,Detroit Lions / 7th / 235th pick / 2009,4.0
95,Ramon Foster,OT,Tennessee,College Stats,6-5,328,5.57,26.0,20,92,7.96,4.98,,27.0
96,Brooks Foster,WR,North Carolina,College Stats,6-0,211,4.44,,27,,,,St. Louis Rams / 5th / 160th pick / 2009,
97,Arian Foster,RB,Tennessee,College Stats,6-1,226,4.69,,23,,,,,49.0
98,Coye Francies,CB,San Jose State,College Stats,6-0,185,4.63,36.0,24,123,6.81,4.24,Cleveland Browns / 6th / 191st pick / 2009,2.0
99,Marcus Freeman,OLB,Ohio State,College Stats,6-1,239,4.51,37.0,30,113,6.98,4.12,Chicago Bears / 5th / 154th pick / 2009,
100,Josh Freeman,QB,Kansas State,College Stats,6-6,248,4.90,33.5,,119,7.11,4.43,Tampa Bay Buccaneers / 1st / 17th pick / 2009,40.0
101,Player,Pos,School,College,Ht,Wt,40yd,Vertical,Bench,Broad Jump,3Cone,Shuttle,Drafted (tm/rnd/yr),
102,Xavier Fulton,OT,Illinois,,6-4,302,5.01,31.0,27,111,7.35,4.56,Tampa Bay Buccaneers / 5th / 155th pick / 2009,
103,Graham Gano,K,Florida State,College Stats,6-0,194,,,,,,,,7.0
104,Juan Garcia,OG,Washington,,6-2,307,5.28,25.0,34,93,8.00,4.87,,
105,Andrew Gardner,OT,Georgia Tech,,6-7,304,4.96,,,,,,Miami Dolphins / 6th / 181st pick / 2009,4.0
106,Dan Gay,OG,Baylor,,6-4,308,5.48,22.5,18,86,8.67,5.42,,
107,Brandon Gibson,WR,Washington State,College Stats,6-0,210,4.59,,,,,,Philadelphia Eagles / 6th / 194th pick / 2009,11.0
108,Jarron Gilbert,DE,San Jose State,College Stats,6-5,288,4.81,35.5,28,119,7.70,4.56,Chicago Bears / 3rd / 68th pick / 2009,0.0
109,Cody Glenn,OLB,Nebraska,College Stats,6-0,244,4.67,,25,,,,Washington Redskins / 5th / 158th pick / 2009,4.0
110,Mike Goodson,RB,Texas A&M,College Stats,6-0,208,4.43,39.5,14,118,6.89,4.22,Carolina Panthers / 4th / 111th pick / 2009,7.0
111,Adrian Grady,DT,Louisville,College Stats,6-1,298,5.18,32.0,31,105,7.68,4.72,,
112,Tyronne Green,OG,Auburn,College Stats,6-2,309,5.40,,22,,,,San Diego Chargers / 4th / 133rd pick / 2009,30.0
113,Shonn Greene,RB,Iowa,College Stats,5-10,227,4.55,37.0,19,121,7.10,4.40,New York Jets / 3rd / 65th pick / 2009,23.0
114,Courtney Greene,S,Rutgers,College Stats,6-0,212,4.55,34.5,21,116,7.35,4.16,Seattle Seahawks / 7th / 245th pick / 2009,10.0
115,Sean Griffin,LS,Michigan,College Stats,6-1,242,5.08,,14,,,,,
116,Dan Gronkowski,TE,Maryland,College Stats,6-5,255,4.79,33.0,26,122,6.92,4.26,Detroit Lions / 7th / 255th pick / 2009,1.0
117,Michael Hamlin,S,Clemson,College Stats,6-2,214,4.57,37.5,17,117,7.14,4.42,Dallas Cowboys / 5th / 166th pick / 2009,0.0
118,Cullen Harper,QB,Clemson,College Stats,6-3,225,4.86,30.0,19,105,7.43,4.49,,
119,Graham Harrell,QB,Texas Tech,College Stats,6-2,223,4.95,29.5,,98,7.45,4.56,,0.0
120,Sunny Harris,DT,Michigan State,,6-4,298,4.88,25.5,28,106,8.18,4.87,,
121,Nic Harris,OLB,Oklahoma,College Stats,6-2,234,4.83,31.5,15,109,7.05,4.37,Buffalo Bills / 5th / 147th pick / 2009,15.0
122,Macho Harris,CB,Virginia Tech,College Stats,5-11,198,4.46,33.5,,118,6.68,3.98,Philadelphia Eagles / 5th / 157th pick / 2009,9.0
123,Cary Harris,CB,USC,College Stats,5-11,187,4.66,,18,,,,Buffalo Bills / 6th / 183rd pick / 2009,2.0
124,Brian Hartline,WR,Ohio State,College Stats,6-2,195,4.49,34.5,,120,6.65,4.12,Miami Dolphins / 4th / 108th pick / 2009,29.0
125,Percy Harvin,WR,Florida,College Stats,5-11,192,4.39,,19,,,,Minnesota Vikings / 1st / 22nd pick / 2009,41.0
126,Brett Helms,C,LSU,College Stats,6-2,286,5.39,,25,,,,,
127,Darrius Heyward-Bey,WR,Maryland,College Stats,6-2,210,4.30,38.5,16,126,6.80,4.18,Oakland Raiders / 1st / 7th pick / 2009,20.0
128,Sammie Hill,DT,Colorado,,6-4,329,5.12,28.0,27,109,7.89,4.97,,
129,P.J. Hill,RB,Wisconsin,College Stats,5-10,222,4.63,,,,,,,
130,Anthony Hill,TE,North Carolina State,College Stats,6-5,262,4.84,30.5,21,107,7.31,4.56,Houston Texans / 4th / 122nd pick / 2009,0.0
131,Stephen Hodge,OLB,TCU,College Stats,6-0,234,4.59,35.0,22,115,7.21,4.34,Dallas Cowboys / 6th / 197th pick / 2009,
132,Chase Holbrook,QB,New Mexico State,College Stats,6-4,242,5.12,27.0,,108,7.93,4.65,,
133,Lendy Holmes,S,Oklahoma,College Stats,6-0,206,4.65,32.0,16,112,7.28,4.32,,0.0
134,Ziggy Hood,DT,Missouri,College Stats,6-3,300,4.83,33.0,34,108,7.50,4.55,Pittsburgh Steelers / 1st / 32nd pick / 2009,30.0
135,Brian Hoyer,QB,Michigan State,College Stats,6-2,215,5.02,32.0,,109,7.10,4.42,,3.0
136,Kevin Huber,P,Cincinnati,College Stats,6-1,220,4.87,,,,,,Cincinnati Bengals / 5th / 142nd pick / 2009,10.0
137,Brandon Hughes,CB,Oregon State,College Stats,5-10,182,4.40,36.5,8,128,6.90,4.23,San Diego Chargers / 5th / 148th pick / 2009,4.0
138,Juaquin Iglesias,WR,Oklahoma,College Stats,6-1,210,4.44,34.5,,116,,4.40,Chicago Bears / 3rd / 99th pick / 2009,0.0
139,Jake Ingram,LS,Hawaii,College Stats,6-3,232,4.90,,15,,,,New England Patriots / 6th / 198th pick / 2009,2.0
140,Cornelius Ingram,TE,Florida,,6-4,245,4.68,33.0,21,,7.12,4.53,Philadelphia Eagles / 5th / 153rd pick / 2009,
141,Corvey Irvin,DT,Georgia,College Stats,6-3,301,4.96,24.5,24,97,7.44,4.73,Carolina Panthers / 3rd / 93rd pick / 2009,2.0
142,Greg Isdaner,OG,West Virginia,,6-3,325,5.28,27.0,24,92,7.96,5.07,,
143,Mortty Ivy,ILB,West Virginia,College Stats,6-1,248,4.78,25.5,18,104,7.35,4.75,,2.0
144,Tyson Jackson,DE,LSU,College Stats,6-4,296,4.94,28.5,,102,7.64,4.80,Kansas City Chiefs / 1st / 3rd pick / 2009,27.0
145,Tim Jamison,DE,Michigan,College Stats,6-2,256,4.95,30.0,21,107,7.56,4.60,,4.0
146,Ricky Jean-Francois,DT,LSU,College Stats,6-3,295,5.19,26.0,25,93,,,San Francisco 49ers / 7th / 244th pick / 2009,9.0
147,Malcolm Jenkins,CB,Ohio State,College Stats,6-0,204,4.51,33.0,15,124,6.59,4.08,New Orleans Saints / 1st / 14th pick / 2009,30.0
148,Rashad Jennings,RB,Liberty,,6-1,231,4.52,34.0,29,120,6.86,4.20,Jacksonville Jaguars / 7th / 250th pick / 2009,22.0
149,Peria Jerry,DT,Mississippi,College Stats,6-2,299,4.98,,,,,,Atlanta Falcons / 1st / 24th pick / 2009,15.0
150,Taurus Johnson,WR,South Florida,College Stats,6-0,206,4.49,35.5,18,121,7.37,4.24,,
151,Rashad Johnson,S,Alabama,College Stats,5-11,203,4.49,37.0,15,120,7.09,4.23,Arizona Cardinals / 3rd / 95th pick / 2009,12.0
152,Player,Pos,School,College,Ht,Wt,40yd,Vertical,Bench,Broad Jump,3Cone,Shuttle,Drafted (tm/rnd/yr),
153,Quinn Johnson,FB,LSU,College Stats,6-1,246,4.72,32.0,16,115,,,Green Bay Packers / 5th / 145th pick / 2009,0.0
154,Michael Johnson,DE,Georgia Tech,College Stats,6-7,266,4.61,38.5,28,128,7.42,4.37,Cincinnati Bengals / 3rd / 70th pick / 2009,30.0
155,Manuel Johnson,WR,Oklahoma,College Stats,5-11,189,4.50,,,,,,Dallas Cowboys / 7th / 229th pick / 2009,0.0
156,Jeremiah Johnson,RB,Oregon,College Stats,5-9,209,4.57,35.0,20,115,,,,2.0
157,Ian Johnson,RB,Boise State,College Stats,5-11,212,4.41,33.0,26,116,6.93,4.18,,
158,Herman Johnson,OG,LSU,College Stats,6-7,364,5.50,,21,,,,Arizona Cardinals / 5th / 167th pick / 2009,
159,Gartrell Johnson,RB,Colorado State,College Stats,5-10,219,4.67,34.0,20,114,,,San Diego Chargers / 4th / 134th pick / 2009,0.0
160,David Johnson,FB,Arkansas State,College Stats,6-1,260,4.73,32.5,21,113,7.28,4.43,Pittsburgh Steelers / 7th / 241st pick / 2009,2.0
161,D.J. Johnson,CB,Jackson State,,6-1,197,4.50,32.0,7,116,7.00,4.30,,0.0
162,Bruce Johnson,CB,Miami (FL),College Stats,5-9,170,4.42,34.5,6,125,6.71,4.05,,9.0
163,Aaron Kelly,WR,Clemson,College Stats,6-4,204,4.49,38.0,11,119,7.25,4.45,,
164,Andy Kemp,OG,Wisconsin,,6-5,313,5.35,25.5,23,91,7.86,4.86,,
165,Anthony Kimble,RB,Stanford,College Stats,6-0,216,4.54,36.0,17,122,7.08,4.40,,
166,Mitch King,DT,Iowa,College Stats,6-1,280,4.81,33.5,23,109,7.60,4.58,,0.0
167,Terrance Knighton,DT,Temple,College Stats,6-3,321,4.93,28.0,,103,7.90,4.78,Jacksonville Jaguars / 3rd / 72nd pick / 2009,30.0
168,Johnny Knox,WR,Abilene Christian,,5-11,185,4.34,35.0,,122,6.81,4.15,Chicago Bears / 5th / 140th pick / 2009,40.0
169,Troy Kropog,OT,Tulane,College Stats,6-5,309,5.30,30.0,21,100,7.65,4.84,Tennessee Titans / 4th / 135th pick / 2009,0.0
170,Paul Kruger,DE,Utah,College Stats,6-4,263,4.79,32.5,24,108,7.52,4.47,Baltimore Ravens / 2nd / 57th pick / 2009,16.0
171,James Laurinaitis,ILB,Ohio State,College Stats,6-2,244,4.72,33.0,22,115,6.93,4.24,St. Louis Rams / 2nd / 35th pick / 2009,43.0
172,Quinten Lawrence,WR,McNeese State,,6-0,184,4.40,,20,,,,Kansas City Chiefs / 6th / 175th pick / 2009,0.0
173,Andy Levitre,OG,Oregon State,College Stats,6-3,305,5.33,30.5,23,103,,4.52,Buffalo Bills / 2nd / 51st pick / 2009,35.0
174,DeAndre Levy,OLB,Wisconsin,College Stats,6-2,236,4.56,,19,119,,,Detroit Lions / 3rd / 76th pick / 2009,33.0
175,Keenan Lewis,CB,Oregon State,College Stats,6-1,208,4.47,33.5,19,123,,,Pittsburgh Steelers / 3rd / 96th pick / 2009,19.0
176,Cornelius Lewis,OT,Tennessee State,,6-3,332,5.22,24.5,29,90,,,,
177,Kyle Link,OT,McNeese State,,6-5,305,5.45,,19,,,,,
178,Phil Loadholt,OT,Oklahoma,College Stats,6-8,332,5.45,29.0,24,95,8.18,5.06,Minnesota Vikings / 2nd / 54th pick / 2009,43.0
179,Marlon Lucky,RB,Nebraska,College Stats,5-11,216,4.50,33.5,18,114,7.10,,,
180,Jonathan Luigs,C,Arkansas,College Stats,6-4,301,5.14,31.0,26,99,7.69,4.79,Cincinnati Bengals / 4th / 106th pick / 2009,2.0
181,Alex Mack,C,California,College Stats,6-4,311,5.17,,,,,,Cleveland Browns / 1st / 21st pick / 2009,31.0
182,Jeremy Maclin,WR,Missouri,College Stats,6-0,198,4.43,,,,,,Philadelphia Eagles / 1st / 19th pick / 2009,39.0
183,Alex Magee,DT,Purdue,College Stats,6-3,298,4.82,29.5,30,103,7.52,4.55,Kansas City Chiefs / 3rd / 67th pick / 2009,5.0
184,Kaluka Maiava,OLB,USC,College Stats,5-11,229,4.65,,30,110,6.98,4.20,Cleveland Browns / 4th / 104th pick / 2009,13.0
185,Marcus Mailei,FB,Weber State,,6-0,248,4.87,35.0,22,113,7.36,4.33,,0.0
186,Brennan Marion,WR,Tulsa,College Stats,5-11,187,4.52,,,,,,,
187,Sen'Derrick Marks,DT,Auburn,College Stats,6-2,306,5.00,33.0,,,,,Tennessee Titans / 2nd / 62nd pick / 2009,20.0
188,Sherrod Martin,CB,Troy,College Stats,6-1,198,4.43,36.0,12,123,6.60,3.98,Carolina Panthers / 2nd / 59th pick / 2009,17.0
189,Orion Martin,DE,Virginia Tech,College Stats,6-2,262,4.70,32.0,24,108,7.90,4.63,,
190,Jose Martinez,K,Texas-El Paso,College Stats,5-9,197,4.96,,,,,,,
191,Mohamed Massaquoi,WR,Georgia,College Stats,6-1,210,4.51,36.5,,127,,,Cleveland Browns / 2nd / 50th pick / 2009,26.0
192,Tim Masthay,P,Kentucky,College Stats,6-1,198,4.80,,8,,,,,8.0
193,Clay Matthews,OLB,USC,College Stats,6-3,240,4.58,35.5,23,121,6.90,4.18,Green Bay Packers / 1st / 26th pick / 2009,56.0
194,Rey Maualuga,ILB,USC,College Stats,6-2,249,4.91,,23,83,,,Cincinnati Bengals / 2nd / 38th pick / 2009,37.0
195,Josh Mauga,ILB,Nevada,,6-1,243,4.61,,,,,,,18.0
196,Aaron Maybin,DE,Penn State,College Stats,6-4,249,4.64,38.0,22,124,7.52,4.38,Buffalo Bills / 1st / 11th pick / 2009,10.0
197,Darcel McBath,S,Texas Tech,College Stats,6-0,198,4.53,38.0,14,119,6.80,4.16,Denver Broncos / 2nd / 48th pick / 2009,6.0
198,Marcus McClinton,S,Kentucky,College Stats,6-0,210,4.49,37.0,16,120,7.45,4.22,,
199,LeSean McCoy,RB,Pittsburgh,College Stats,5-10,198,4.50,,,,,,Philadelphia Eagles / 2nd / 53rd pick / 2009,54.0
200,Stephen McGee,QB,Texas A&M,College Stats,6-3,225,4.61,33.0,,112,7.34,4.49,Dallas Cowboys / 4th / 101st pick / 2009,4.0
201,Ryan McKee,OT,Southern Miss,College Stats,6-6,296,5.03,,,,,,,
202,Tyrone McKenzie,OLB,South Florida,College Stats,6-2,243,4.76,,27,112,,,New England Patriots / 3rd / 97th pick / 2009,3.0
203,Player,Pos,School,College,Ht,Wt,40yd,Vertical,Bench,Broad Jump,3Cone,Shuttle,Drafted (tm/rnd/yr),
204,Scott McKillop,ILB,Pittsburgh,College Stats,6-1,244,4.70,35.5,27,119,7.00,4.39,San Francisco 49ers / 5th / 146th pick / 2009,4.0
205,Kenny McKinley,WR,South Carolina,College Stats,6-0,189,4.37,37.0,,113,6.96,4.10,Denver Broncos / 5th / 141st pick / 2009,0.0
206,Gerald McRath,ILB,Southern Miss,College Stats,6-2,231,4.49,34.0,19,123,7.24,4.35,Tennessee Titans / 4th / 130th pick / 2009,14.0
207,Andrew Means,WR,Indiana,College Stats,6-1,214,4.36,34.5,12,116,6.85,4.21,,
208,Jamon Meredith,OT,South Carolina,College Stats,6-5,304,4.99,28.0,31,105,8.01,4.82,Green Bay Packers / 5th / 162nd pick / 2009,2.0
209,Mike Mickens,CB,Cincinnati,College Stats,5-11,184,4.53,,,,,,Dallas Cowboys / 7th / 227th pick / 2009,
210,Roy Miller,DT,Texas,College Stats,6-1,310,4.93,32.0,36,103,8.01,4.74,Tampa Bay Buccaneers / 3rd / 81st pick / 2009,23.0
211,Mo Miller,OG,Michigan State,,6-3,327,5.38,28.5,21,97,8.42,5.03,,
212,Marko Mitchell,WR,Nevada,College Stats,6-4,218,4.43,32.0,9,116,7.04,4.33,Washington Redskins / 7th / 243rd pick / 2009,0.0
213,Khalif Mitchell,DT,East Carolina,College Stats,6-5,318,5.04,30.0,30,109,7.45,4.71,,
214,Fili Moala,DT,USC,College Stats,6-4,305,5.07,30.5,25,100,,,Indianapolis Colts / 2nd / 56th pick / 2009,19.0
215,Eugene Monroe,OT,Virginia,College Stats,6-5,309,5.18,28.5,23,110,7.86,4.78,Jacksonville Jaguars / 1st / 8th pick / 2009,35.0
216,William Moore,S,Missouri,College Stats,6-0,221,4.49,37.0,16,123,6.81,4.26,Atlanta Falcons / 2nd / 55th pick / 2009,26.0
217,Kyle Moore,DE,USC,College Stats,6-5,272,4.76,30.5,22,105,7.40,4.47,Tampa Bay Buccaneers / 4th / 117th pick / 2009,16.0
218,D.J. Moore,CB,Vanderbilt,College Stats,5-9,192,4.56,39.5,17,118,7.01,4.28,Chicago Bears / 4th / 119th pick / 2009,6.0
219,Knowshon Moreno,RB,Georgia,College Stats,5-11,217,4.50,35.5,25,115,6.84,4.27,Denver Broncos / 1st / 12th pick / 2009,34.0
220,Cameron Morrah,TE,California,College Stats,6-3,244,4.61,32.5,24,115,6.99,4.36,Seattle Seahawks / 7th / 248th pick / 2009,4.0
221,Thomas Morstead,P,SMU,College Stats,6-4,225,4.83,,19,,,,New Orleans Saints / 5th / 164th pick / 2009,15.0
222,Ryan Mouton,CB,Hawaii,College Stats,5-9,187,4.47,39.5,18,129,,,Tennessee Titans / 3rd / 94th pick / 2009,6.0
223,Captain Munnerlyn,CB,South Carolina,College Stats,5-8,182,4.41,37.5,19,121,7.15,4.20,Carolina Panthers / 7th / 216th pick / 2009,24.0
224,Louis Murphy,WR,Florida,College Stats,6-2,203,4.32,,12,,,,Oakland Raiders / 4th / 124th pick / 2009,14.0
225,Lydon Murtha,OT,Nebraska,College Stats,6-7,306,4.82,35.0,25,110,7.06,4.34,Detroit Lions / 7th / 228th pick / 2009,4.0
226,Rob Myers,FB,Utah State,,6-3,243,4.58,,,,,,,0.0
227,Shawn Nelson,TE,Southern Miss,College Stats,6-5,240,4.52,33.0,19,115,6.96,4.46,Buffalo Bills / 4th / 121st pick / 2009,2.0
228,Hakeem Nicks,WR,North Carolina,College Stats,6-1,212,4.51,36.0,,,,,New York Giants / 1st / 29th pick / 2009,40.0
229,Troy Nolan,S,Arizona State,College Stats,6-0,206,4.58,31.5,12,117,7.06,4.30,Houston Texans / 7th / 223rd pick / 2009,6.0
230,Jordan Norwood,WR,Penn State,College Stats,5-11,179,4.58,38.0,,119,6.80,4.20,,4.0
231,Chris Ogbonnaya,RB,Texas,College Stats,6-0,220,4.57,35.0,19,111,6.85,4.29,St. Louis Rams / 7th / 211th pick / 2009,8.0
232,Kevin Ogletree,WR,Virginia,College Stats,6-0,196,4.36,36.0,,122,6.67,4.08,,8.0
233,Michael Oher,OT,Mississippi,College Stats,6-4,309,5.16,30.5,21,103,7.81,4.60,Baltimore Ravens / 1st / 23rd pick / 2009,42.0
234,Seth Olsen,OG,Iowa,College Stats,6-5,306,5.23,24.5,23,90,7.59,4.70,Denver Broncos / 4th / 132nd pick / 2009,9.0
235,Brian Orakpo,DE,Texas,College Stats,6-3,263,4.63,39.5,31,,,,Washington Redskins / 1st / 13th pick / 2009,35.0
236,Branden Ore,RB,West Liberty,,5-11,214,4.61,36.0,21,112,7.35,4.44,,
237,Greg Orton,WR,Purdue,College Stats,6-3,207,4.61,38.0,22,125,6.90,4.33,,0.0
238,Wopamo Osaisai,CB,Stanford,College Stats,5-10,197,4.44,,14,,,,,
239,Chris Owens,CB,San Jose State,College Stats,5-10,181,4.44,34.5,14,110,6.93,4.16,Atlanta Falcons / 3rd / 90th pick / 2009,10.0
240,Curtis Painter,QB,Purdue,College Stats,6-3,225,4.87,29.0,,102,7.00,4.48,Indianapolis Colts / 6th / 201st pick / 2009,6.0
241,Ryan Palmer,CB,Texas,,5-8,190,4.54,36.5,16,121,7.12,4.29,,
242,Anthony Parker,OG,Tennessee,College Stats,6-2,297,5.08,,24,,,,,
243,Augustus Parrish,OT,Kent State,College Stats,6-4,302,5.29,,21,78,,,,
244,Bear Pascoe,TE,Fresno State,College Stats,6-5,251,4.89,26.5,,107,7.65,4.55,San Francisco 49ers / 6th / 184th pick / 2009,3.0
245,Darius Passmore,WR,Marshall,College Stats,6-0,188,4.46,33.5,,,,,,
246,Cedric Peerman,RB,Virginia,College Stats,5-9,216,4.34,40.0,27,117,6.99,4.29,Baltimore Ravens / 6th / 185th pick / 2009,3.0
247,Derek Pegues,S,Mississippi State,College Stats,5-10,199,4.54,36.0,23,119,7.08,4.30,,
248,Brandon Pettigrew,TE,Oklahoma State,College Stats,6-5,263,4.80,33.0,22,118,7.12,4.37,Detroit Lions / 1st / 20th pick / 2009,22.0
249,Jason Phillips,ILB,TCU,College Stats,6-1,239,4.60,34.0,20,120,,4.32,Baltimore Ravens / 5th / 137th pick / 2009,8.0
250,John Phillips,TE,Virginia,College Stats,6-5,251,4.78,33.5,20,112,6.84,4.27,Dallas Cowboys / 6th / 208th pick / 2009,2.0
251,Zach Potter,DE,Nebraska,College Stats,6-7,279,4.90,31.0,20,106,7.75,4.48,,0.0
252,Jerraud Powers,CB,Auburn,College Stats,5-9,188,4.43,36.5,15,122,7.09,4.08,Indianapolis Colts / 3rd / 92nd pick / 2009,22.0
253,Myron Pryor,DT,Kentucky,College Stats,6-0,319,5.03,30.0,,107,8.16,4.75,New England Patriots / 6th / 207th pick / 2009,6.0
254,Player,Pos,School,College,Ht,Wt,40yd,Vertical,Bench,Broad Jump,3Cone,Shuttle,Drafted (tm/rnd/yr),
255,Glover Quin,S,New Mexico,College Stats,5-11,204,4.50,38.0,22,119,7.39,4.43,Houston Texans / 4th / 112th pick / 2009,29.0
256,Richard Quinn,TE,North Carolina,College Stats,6-4,264,4.88,32.5,24,119,7.50,4.62,Denver Broncos / 2nd / 64th pick / 2009,0.0
257,B.J. Raji,DT,Boston Col.,College Stats,6-1,337,5.12,32.0,33,103,7.90,4.69,Green Bay Packers / 1st / 9th pick / 2009,30.0
258,Mike Reilly,QB,Central Washington,,6-3,214,4.74,30.5,,109,6.76,4.11,,
259,Garrett Reynolds,OT,North Carolina,,6-8,309,5.32,22.0,19,94,7.87,4.88,Atlanta Falcons / 5th / 156th pick / 2009,15.0
260,Darryl Richard,DT,Georgia Tech,College Stats,6-2,303,5.08,25.5,17,,,,New England Patriots / 7th / 234th pick / 2009,
261,David Richmond,WR,San Jose State,College Stats,6-2,197,4.59,36.5,,,,4.42,,
262,Javon Ringer,RB,Michigan State,College Stats,5-9,205,4.50,34.0,23,115,6.87,4.11,Tennessee Titans / 5th / 173rd pick / 2009,8.0
263,Duke Robinson,OG,Oklahoma,College Stats,6-5,329,5.32,,,,,,Carolina Panthers / 5th / 163rd pick / 2009,
264,Lee Robinson,OLB,Alcorn State,,6-2,249,4.71,32.5,24,113,7.57,4.67,,0.0
265,Brian Robiskie,WR,Ohio State,College Stats,6-3,209,4.46,37.5,,,6.72,4.19,Cleveland Browns / 2nd / 36th pick / 2009,3.0
266,Louie Sakoda,K,Utah,College Stats,5-8,176,4.82,,,,,,,
267,Mark Sanchez,QB,USC,College Stats,6-2,227,4.93,32.5,,116,7.06,4.21,New York Jets / 1st / 5th pick / 2009,4.0
268,Jamarca Sanford,S,Mississippi,College Stats,5-10,214,4.43,33.5,29,116,7.02,4.20,Minnesota Vikings / 7th / 231st pick / 2009,17.0
269,Lydell Sargeant,CB,Penn State,College Stats,5-9,190,4.48,35.0,15,117,7.00,4.21,,
270,Bernard Scott,RB,Abilene Christian,,5-10,200,4.44,36.0,21,125,6.82,4.08,Cincinnati Bengals / 6th / 209th pick / 2009,9.0
271,Darell Scott,DT,Clemson,,6-3,312,4.92,30.5,29,107,8.28,4.84,St. Louis Rams / 4th / 103rd pick / 2009,10.0
272,Matt Shaughnessy,DE,Wisconsin,College Stats,6-5,266,4.86,30.5,24,112,7.68,4.88,Oakland Raiders / 3rd / 71st pick / 2009,22.0
273,Kory Sheets,RB,Purdue,College Stats,5-11,208,4.39,37.0,15,121,7.18,4.39,,0.0
274,A.Q. Shipley,C,Penn State,College Stats,6-1,304,5.19,31.0,33,100,7.46,4.40,Pittsburgh Steelers / 7th / 226th pick / 2009,20.0
275,Lawrence Sidbury,DE,Richmond,,6-2,266,4.53,35.0,28,120,7.46,4.43,Atlanta Falcons / 4th / 125th pick / 2009,5.0
276,Clint Sintim,OLB,Virginia,College Stats,6-3,256,4.75,34.5,,119,7.37,4.40,New York Giants / 2nd / 45th pick / 2009,4.0
277,Matt Slauson,OG,Nebraska,,6-5,316,5.26,34.0,,110,7.86,4.86,New York Jets / 6th / 193rd pick / 2009,25.0
278,Alphonso Smith,CB,Wake Forest,College Stats,5-9,193,4.47,34.0,13,125,7.09,4.38,Denver Broncos / 2nd / 37th pick / 2009,16.0
279,Andre Smith,OT,Alabama,College Stats,6-4,332,5.28,,,,,,Cincinnati Bengals / 1st / 6th pick / 2009,28.0
280,DeAngelo Smith,CB,Cincinnati,College Stats,5-11,194,4.50,31.5,17,109,7.27,4.35,Dallas Cowboys / 5th / 143rd pick / 2009,2.0
281,Jason Smith,OT,Baylor,College Stats,6-5,309,5.09,24.0,33,96,7.53,4.69,St. Louis Rams / 1st / 2nd pick / 2009,24.0
282,Sean Smith,CB,Utah,College Stats,6-3,214,4.47,34.0,10,119,6.92,4.15,Miami Dolphins / 2nd / 61st pick / 2009,27.0
283,Brannan Southerland,FB,Georgia,College Stats,6-0,242,4.69,38.0,28,120,7.40,4.40,,
284,Kory Sperry,TE,Colorado State,College Stats,6-5,238,4.69,33.5,20,122,7.00,4.24,,1.0
285,C.J. Spillman,S,Marshall,College Stats,6-0,197,4.45,41.5,,122,7.05,4.33,,4.0
286,Matthew Stafford,QB,Georgia,College Stats,6-2,225,4.81,30.5,,107,7.06,4.47,Detroit Lions / 1st / 1st pick / 2009,47.0
287,Sammie Stroughter,WR,Oregon State,College Stats,5-9,189,4.45,30.0,13,110,7.03,4.28,Tampa Bay Buccaneers / 7th / 233rd pick / 2009,10.0
288,Stryker Sulak,DE,Missouri,College Stats,6-4,251,4.63,31.0,22,113,7.31,4.58,Oakland Raiders / 6th / 199th pick / 2009,
289,Tyrell Sutton,RB,Northwestern,College Stats,5-8,211,4.64,33.0,,114,6.94,4.32,,4.0
290,Sam Swank,K,Wake Forest,College Stats,6-0,193,4.95,,,,,,,
291,Nate Swift,WR,Nebraska,College Stats,6-1,203,4.63,35.5,12,110,6.78,4.24,,
292,Brandon Tate,WR,North Carolina,College Stats,6-0,183,4.52,,,,,,New England Patriots / 3rd / 83rd pick / 2009,11.0
293,Curtis Taylor,S,LSU,College Stats,6-2,209,4.49,37.5,13,129,7.25,4.23,San Francisco 49ers / 7th / 219th pick / 2009,2.0
294,Terrance Taylor,DT,Michigan,College Stats,6-0,306,5.08,30.0,37,104,7.78,5.06,Indianapolis Colts / 4th / 136th pick / 2009,
295,Jaimie Thomas,OG,Maryland,College Stats,6-4,323,5.29,,20,,,,Indianapolis Colts / 7th / 236th pick / 2009,1.0
296,Mike Thomas,WR,Arizona,College Stats,5-8,195,4.30,40.5,,126,6.65,4.28,Jacksonville Jaguars / 4th / 107th pick / 2009,23.0
297,Morgan Trent,CB,Michigan,College Stats,6-1,193,4.50,38.0,23,127,7.05,4.01,Cincinnati Bengals / 6th / 179th pick / 2009,4.0
298,Fenuki Tupou,OT,Oregon,,6-5,314,5.20,25.5,24,94,8.33,5.02,Philadelphia Eagles / 5th / 159th pick / 2009,
299,Patrick Turner,WR,USC,College Stats,6-5,223,4.59,,,,,,Miami Dolphins / 3rd / 87th pick / 2009,2.0
300,Brandon Underwood,S,Cincinnati,College Stats,6-1,198,4.48,36.5,16,125,7.00,4.20,Green Bay Packers / 6th / 187th pick / 2009,4.0
301,Tiquan Underwood,WR,Rutgers,College Stats,6-1,184,4.31,41.5,7,129,6.62,4.11,Jacksonville Jaguars / 7th / 253rd pick / 2009,9.0
302,Max Unger,C,Oregon,College Stats,6-5,309,5.26,24.5,22,93,7.39,4.50,Seattle Seahawks / 2nd / 49th pick / 2009,36.0
303,Kraig Urbik,OG,Wisconsin,College Stats,6-5,328,5.25,24.0,29,94,7.87,4.89,Pittsburgh Steelers / 3rd / 79th pick / 2009,23.0
304,Jose Valdez,OT,Arkansas,,6-4,315,5.16,29.5,15,100,7.93,4.93,,
305,Player,Pos,School,College,Ht,Wt,40yd,Vertical,Bench,Broad Jump,3Cone,Shuttle,Drafted (tm/rnd/yr),
306,Louis Vasquez,OG,Texas Tech,College Stats,6-5,333,5.22,,39,,,,San Diego Chargers / 3rd / 78th pick / 2009,48.0
307,Chip Vaughn,S,Wake Forest,College Stats,6-1,221,4.42,37.0,21,125,7.03,4.12,New Orleans Saints / 4th / 116th pick / 2009,0.0
308,David Veikune,DE,Hawaii,College Stats,6-2,257,4.75,33.0,35,110,7.20,4.46,Cleveland Browns / 2nd / 52nd pick / 2009,3.0
309,Brandon Walker,OG,Notre Dame,College Stats,6-3,306,5.09,34.0,26,109,,5.07,,
310,Derek Walker,DE,Illinois,College Stats,6-4,268,4.98,37.5,24,115,7.31,4.41,,
311,Vance Walker,DT,Georgia Tech,College Stats,6-2,304,5.32,33.0,29,,,,Atlanta Falcons / 7th / 210th pick / 2009,16.0
312,Mike Wallace,WR,Mississippi,College Stats,6-0,199,4.33,40.0,14,129,6.90,4.27,Pittsburgh Steelers / 3rd / 84th pick / 2009,42.0
313,Donald Washington,CB,Ohio State,College Stats,6-0,197,4.50,45.0,9,135,6.84,4.20,Kansas City Chiefs / 4th / 102nd pick / 2009,4.0
314,Jason Watkins,OT,Florida,College Stats,6-6,318,5.51,24.5,18,90,7.89,5.03,,
315,Lardarius Webb,CB,Nicholls State,,5-10,179,4.35,36.5,15,121,6.77,4.10,Baltimore Ravens / 3rd / 88th pick / 2009,24.0
316,Beanie Wells,RB,Ohio State,College Stats,6-1,235,4.38,33.5,25,128,,,Arizona Cardinals / 1st / 31st pick / 2009,30.0
317,Pat White,QB,West Virginia,College Stats,6-0,197,4.55,35.0,,117,7.06,4.42,Miami Dolphins / 2nd / 44th pick / 2009,2.0
318,Otis Wiley,S,Michigan State,College Stats,6-1,213,4.64,,,,,,,
319,Brandon Williams,DE,Texas Tech,College Stats,6-2,261,4.78,33.0,,112,7.23,4.49,Dallas Cowboys / 4th / 120th pick / 2009,0.0
320,Derrick Williams,WR,Penn State,College Stats,5-11,194,4.47,33.0,15,,,,Detroit Lions / 3rd / 82nd pick / 2009,0.0
321,Eddie Williams,FB,Idaho,College Stats,6-1,239,4.79,,23,,,,Washington Redskins / 7th / 221st pick / 2009,0.0
322,Edwin Williams,C,Maryland,College Stats,6-2,308,5.40,28.5,22,99,8.15,4.98,,12.0
323,Jaison Williams,WR,Oregon,College Stats,6-4,237,4.47,35.5,14,118,7.37,4.56,,
324,Javarris Williams,RB,Tennessee State,,5-9,223,4.51,33.5,25,116,,,Kansas City Chiefs / 7th / 212th pick / 2009,0.0
325,Worrell Williams,ILB,California,College Stats,5-11,240,4.75,35.0,23,111,,,,
326,Drew Willy,QB,Buffalo,College Stats,6-3,215,4.90,30.5,,109,7.18,4.45,,
327,John Parker Wilson,QB,Alabama,College Stats,6-1,219,4.75,29.5,,105,7.53,4.59,,0.0
328,Eric Wood,C,Louisville,College Stats,6-4,310,5.19,30.5,30,99,7.56,4.51,Buffalo Bills / 1st / 28th pick / 2009,26.0
329,Morris Wooten,ILB,Arizona State,College Stats,6-0,231,5.00,,15,117,,,,
330,Jahi Word-Daniels,CB,Georgia Tech,College Stats,6-0,197,4.59,35.5,24,122,,,,0.0
331,DeAndre Wright,CB,New Mexico,College Stats,5-11,198,4.52,34.5,17,122,7.00,4.44,New York Giants / 6th / 200th pick / 2009,
332,Jarius Wynn,DE,Georgia,College Stats,6-3,275,4.94,31.5,19,107,7.40,4.58,Green Bay Packers / 6th / 182nd pick / 2009,7.0
